{"cameraMode":{"drawMode":0,"name":"Shaded","section":"Shading Mode"},"sceneLighting":true,"audioPlay":false,"sceneViewState":{"showFog":true,"showMaterialUpdate":false,"showSkybox":true,"showFlares":true,"showImageEffects":true,"showParticleSystems":true,"showVisualEffectGraphs":true,"m_FxEnabled":true},"in2DMode":false,"pivot":{"x":-1.0622076988220215,"y":0.25871002674102785,"z":-11.166181564331055},"rotation":{"x":0.07346589118242264,"y":-0.004972709808498621,"z":0.0025177726056426765,"w":0.9979050755500794},"size":4.75118350982666,"orthographic":false}