{"cameraMode":{"drawMode":0,"name":"Shaded","section":"Shading Mode"},"sceneLighting":true,"audioPlay":false,"sceneViewState":{"showFog":true,"showMaterialUpdate":false,"showSkybox":true,"showFlares":true,"showImageEffects":true,"showParticleSystems":true,"showVisualEffectGraphs":true,"m_FxEnabled":true},"in2DMode":false,"pivot":{"x":0.08967650681734085,"y":0.9702445268630981,"z":1.3131109476089478},"rotation":{"x":-0.016073407605290414,"y":-0.9877275824546814,"z":0.1036800816655159,"w":-0.12058988958597183},"size":0.017662763595581056,"orthographic":false}