{"cameraMode":{"drawMode":0,"name":"Shaded","section":"Shading Mode"},"sceneLighting":false,"audioPlay":false,"sceneViewState":{"showFog":true,"showMaterialUpdate":false,"showSkybox":true,"showFlares":true,"showImageEffects":true,"showParticleSystems":true,"showVisualEffectGraphs":true,"m_FxEnabled":true},"in2DMode":false,"pivot":{"x":-5.675118923187256,"y":3.6271915435791017,"z":-16.050003051757814},"rotation":{"x":0.11821916699409485,"y":0.011320246383547783,"z":-0.0013432428240776063,"w":0.9929571151733398},"size":22.195785522460939,"orthographic":false}