{"cameraMode":{"drawMode":0,"name":"Shaded","section":"Shading Mode"},"sceneLighting":true,"audioPlay":false,"sceneViewState":{"showFog":true,"showMaterialUpdate":false,"showSkybox":true,"showFlares":true,"showImageEffects":true,"showParticleSystems":true,"showVisualEffectGraphs":true,"m_FxEnabled":true},"in2DMode":false,"pivot":{"x":-0.038713932037353519,"y":3.6856460571289064,"z":6.723953723907471},"rotation":{"x":0.021675171330571176,"y":-0.9754215478897095,"z":0.11320578306913376,"w":0.18874983489513398},"size":8.56246280670166,"orthographic":false}