{"cameraMode":{"drawMode":0,"name":"Shaded","section":"Shading Mode"},"sceneLighting":true,"audioPlay":false,"sceneViewState":{"showFog":true,"showMaterialUpdate":false,"showSkybox":true,"showFlares":true,"showImageEffects":true,"showParticleSystems":true,"showVisualEffectGraphs":true,"m_FxEnabled":true},"in2DMode":false,"pivot":{"x":3.7841854095458986,"y":0.31414273381233218,"z":-12.006654739379883},"rotation":{"x":0.19240181148052216,"y":-0.002969573251903057,"z":0.003720176173374057,"w":0.9819490313529968},"size":13.843586921691895,"orthographic":false}