{"cameraMode":{"drawMode":0,"name":"Shaded","section":"Shading Mode"},"sceneLighting":false,"audioPlay":false,"sceneViewState":{"showFog":true,"showMaterialUpdate":false,"showSkybox":true,"showFlares":true,"showImageEffects":true,"showParticleSystems":true,"showVisualEffectGraphs":true,"m_FxEnabled":true},"in2DMode":false,"pivot":{"x":-20.55021858215332,"y":-0.34450387954711916,"z":15.612564086914063},"rotation":{"x":0.052902884781360629,"y":0.19878534972667695,"z":-0.010715438984334469,"w":0.9786153435707092},"size":29.569700241088868,"orthographic":false}