{"cameraMode":{"drawMode":0,"name":"Shaded","section":"Shading Mode"},"sceneLighting":true,"audioPlay":false,"sceneViewState":{"showFog":true,"showMaterialUpdate":false,"showSkybox":true,"showFlares":true,"showImageEffects":true,"showParticleSystems":true,"showVisualEffectGraphs":true,"m_FxEnabled":true},"in2DMode":false,"pivot":{"x":-9.446105003356934,"y":4.40403938293457,"z":-14.126346588134766},"rotation":{"x":0.0034762793220579626,"y":-0.9669505953788757,"z":0.013050182722508908,"w":0.25640130043029787},"size":10.927998542785645,"orthographic":false}