{"cameraMode":{"drawMode":0,"name":"Shaded","section":"Shading Mode"},"sceneLighting":false,"audioPlay":false,"sceneViewState":{"showFog":true,"showMaterialUpdate":false,"showSkybox":true,"showFlares":true,"showImageEffects":true,"showParticleSystems":true,"showVisualEffectGraphs":true,"m_FxEnabled":true},"in2DMode":false,"pivot":{"x":-2.1725621223449709,"y":2.781874179840088,"z":-2.408292770385742},"rotation":{"x":0.017736682668328286,"y":-0.06803792715072632,"z":0.004605557769536972,"w":0.9981733560562134},"size":11.054161071777344,"orthographic":false}