{"cameraMode":{"drawMode":0,"name":"Shaded","section":"Shading Mode"},"sceneLighting":false,"audioPlay":false,"sceneViewState":{"showFog":true,"showMaterialUpdate":false,"showSkybox":true,"showFlares":true,"showImageEffects":true,"showParticleSystems":true,"showVisualEffectGraphs":true,"m_FxEnabled":true},"in2DMode":false,"pivot":{"x":-21.725177764892579,"y":2.119797706604004,"z":-21.830495834350587},"rotation":{"x":0.10299623012542725,"y":0.08291947096586228,"z":-0.008286852389574051,"w":0.9913195371627808},"size":15.158883094787598,"orthographic":false}