{"cameraMode":{"drawMode":0,"name":"Shaded","section":"Shading Mode"},"sceneLighting":true,"audioPlay":false,"sceneViewState":{"showFog":true,"showMaterialUpdate":false,"showSkybox":true,"showFlares":true,"showImageEffects":true,"showParticleSystems":true,"showVisualEffectGraphs":true,"m_FxEnabled":true},"in2DMode":false,"pivot":{"x":6.9512858390808109,"y":3.6856460571289064,"z":-0.12302309274673462},"rotation":{"x":0.20161288976669312,"y":-0.0961008071899414,"z":0.020339250564575197,"w":0.9747745990753174},"size":8.436227798461914,"orthographic":false}