{"cameraMode":{"drawMode":0,"name":"Shaded","section":"Shading Mode"},"sceneLighting":false,"audioPlay":false,"sceneViewState":{"showFog":true,"showMaterialUpdate":false,"showSkybox":true,"showFlares":true,"showImageEffects":true,"showParticleSystems":true,"showVisualEffectGraphs":true,"m_FxEnabled":true},"in2DMode":false,"pivot":{"x":6.9687347412109379,"y":1.2183575630187989,"z":79.69890594482422},"rotation":{"x":0.01648491807281971,"y":0.04138200730085373,"z":-0.0006808108300901949,"w":0.9990285634994507},"size":82.98938751220703,"orthographic":false}