{"cameraMode":{"drawMode":0,"name":"Shaded","section":"Shading Mode"},"sceneLighting":false,"audioPlay":false,"sceneViewState":{"showFog":true,"showMaterialUpdate":false,"showSkybox":false,"showFlares":true,"showImageEffects":true,"showParticleSystems":true,"showVisualEffectGraphs":true,"m_FxEnabled":true},"in2DMode":false,"pivot":{"x":6.871212959289551,"y":-0.17317724227905274,"z":-14.895931243896485},"rotation":{"x":0.16391250491142274,"y":0.19337831437587739,"z":-0.033380378037691119,"w":0.9671691656112671},"size":4.207394599914551,"orthographic":false}