{"cameraMode":{"drawMode":0,"name":"Shaded","section":"Shading Mode"},"sceneLighting":false,"audioPlay":false,"sceneViewState":{"showFog":true,"showMaterialUpdate":false,"showSkybox":false,"showFlares":true,"showImageEffects":true,"showParticleSystems":true},"in2DMode":false,"pivot":{"x":0.5680000185966492,"y":3.0280001163482668,"z":-2.9802322387695315e-8},"rotation":{"x":0.10818766802549362,"y":-0.14028355479240418,"z":0.01542270090430975,"w":0.9840636253356934},"size":0.6565862894058228,"orthographic":false}